<?xml version="1.0" encoding="UTF-8"?>
<info version="1.1">
  <general>
    <createDate>2019-02-24T12:32:09</createDate>
    <changeDate>2019-03-13T20:47:33</changeDate>
    <schema>iso19110</schema>
    <isTemplate>n</isTemplate>
    <localId>887</localId>
    <format>full</format>
    <rating>0</rating>
    <popularity>23</popularity>
    <uuid>0112323e-9e35-4be6-8c15-1c478c962e12</uuid>
    <siteId>62daa32f-894e-412d-abd5-ec716f524b82</siteId>
    <siteName>Marine Data BC</siteName>
  </general>
  <categories>
    <category name="otherResources" />
  </categories>
  <privileges>
    <group name="all">
      <operation name="view" />
      <operation name="download" />
      <operation name="dynamic" />
      <operation name="featured" />
      <operation name="notify" />
    </group>
  </privileges>
  <public />
  <private />
</info>

