<?xml version="1.0" encoding="UTF-8"?>
<gfc:FC_FeatureCatalogue xmlns:gfc="http://www.isotc211.org/2005/gfc" xmlns:gmd="http://www.isotc211.org/2005/gmd" xmlns:gmx="http://www.isotc211.org/2005/gmx" xmlns:xsi="http://www.w3.org/2001/XMLSchema-instance" xmlns:gco="http://www.isotc211.org/2005/gco" xmlns:geonet="http://www.fao.org/geonetwork" uuid="0112323e-9e35-4be6-8c15-1c478c962e12" xsi:schemaLocation="http://www.isotc211.org/2005/gfc http://www.isotc211.org/2005/gfc/gfc.xsd">
  <gmx:name>
    <gco:CharacterString>RMIS Feature Catalogue, part 2</gco:CharacterString>
  </gmx:name>
  <gmx:scope>
    <gco:CharacterString>Study Type, Release Stage, Rearing Type, Location Type, Location Name, Administrative Area (state or province), Reporting Agency.  Detailed water basin maps accessible in the description of the codelist entries (water basins) in the element "Location Name Code".</gco:CharacterString>
  </gmx:scope>
  <gmx:fieldOfApplication>
    <gco:CharacterString />
  </gmx:fieldOfApplication>
  <gmx:versionNumber>
    <gco:CharacterString>1.0</gco:CharacterString>
  </gmx:versionNumber>
  <gmx:versionDate>
    <gco:DateTime xmlns:gml="http://www.opengis.net/gml">2019-03-13T20:47:33</gco:DateTime>
  </gmx:versionDate>
  <gfc:producer>
    <gmd:CI_ResponsibleParty>
      <gmd:individualName>
        <gco:CharacterString>Terry Curran</gco:CharacterString>
      </gmd:individualName>
      <gmd:organisationName>
        <gco:CharacterString>Pacific Salmon Foundation</gco:CharacterString>
      </gmd:organisationName>
      <gmd:positionName>
        <gco:CharacterString />
      </gmd:positionName>
      <gmd:role>
        <gmd:CI_RoleCode codeListValue="custodian" codeList="CI_RoleCode" />
      </gmd:role>
    </gmd:CI_ResponsibleParty>
  </gfc:producer>
  <gfc:featureType>
    <gfc:FC_FeatureType>
      <gfc:typeName>
        <gco:LocalName>Class name</gco:LocalName>
      </gfc:typeName>
      <gfc:definition>
        <gco:CharacterString />
      </gfc:definition>
      <gfc:isAbstract>
        <gco:Boolean>false</gco:Boolean>
      </gfc:isAbstract>
      <gfc:aliases>
        <gco:LocalName>Local name</gco:LocalName>
      </gfc:aliases>
      <gfc:featureCatalogue />
      <gfc:constrainedBy>
        <gfc:FC_Constraint>
          <gfc:description>
            <gco:CharacterString>Description of the feature catalogue</gco:CharacterString>
          </gfc:description>
        </gfc:FC_Constraint>
      </gfc:constrainedBy>
      <gfc:carrierOfCharacteristics>
        <gfc:FC_FeatureAttribute>
          <gfc:featureType />
          <gfc:memberName>
            <gco:LocalName>PSC Location Code</gco:LocalName>
          </gfc:memberName>
          <gfc:definition>
            <gco:CharacterString />
          </gfc:definition>
          <gfc:cardinality>
            <gco:Multiplicity>
              <gco:range>
                <gco:MultiplicityRange>
                  <gco:lower>
                    <gco:Integer>0</gco:Integer>
                  </gco:lower>
                  <gco:upper>
                    <gco:UnlimitedInteger isInfinite="true" xsi:nil="true" />
                  </gco:upper>
                </gco:MultiplicityRange>
              </gco:range>
            </gco:Multiplicity>
          </gfc:cardinality>
          <gfc:valueMeasurementUnit>
            <gml:UnitDefinition xmlns:gml="http://www.opengis.net/gml" gml:id="unknown">
              <gml:description />
              <gml:identifier codeSpace="unknown" />
            </gml:UnitDefinition>
          </gfc:valueMeasurementUnit>
          <gfc:valueType>
            <gco:TypeName>
              <gco:aName>
                <gco:CharacterString>CHARACTER</gco:CharacterString>
              </gco:aName>
            </gco:TypeName>
          </gfc:valueType>
          <gfc:listedValue>
            <gfc:FC_ListedValue>
              <gfc:label>
                <gco:CharacterString>position</gco:CharacterString>
              </gfc:label>
              <gfc:code>
                <gco:CharacterString>1</gco:CharacterString>
              </gfc:code>
              <gfc:definition>
                <gco:CharacterString>1-Alaska, 2-BC/YT, 3-Wash, 4-Idaho, 7 - High Seas-outside 200-mile EEZ, 8 - Foreign Country, etc</gco:CharacterString>
              </gfc:definition>
            </gfc:FC_ListedValue>
          </gfc:listedValue>
          <gfc:listedValue>
            <gfc:FC_ListedValue>
              <gfc:label>
                <gco:CharacterString>position</gco:CharacterString>
              </gfc:label>
              <gfc:code>
                <gco:CharacterString>2</gco:CharacterString>
              </gfc:code>
              <gfc:definition>
                <gco:CharacterString>M - marine, F - freshwater</gco:CharacterString>
              </gfc:definition>
            </gfc:FC_ListedValue>
          </gfc:listedValue>
          <gfc:listedValue>
            <gfc:FC_ListedValue>
              <gfc:label>
                <gco:CharacterString>position</gco:CharacterString>
              </gfc:label>
              <gfc:code>
                <gco:CharacterString>3</gco:CharacterString>
              </gfc:code>
              <gfc:definition>
                <gco:CharacterString>N - north, S - south, Okanagan is blank</gco:CharacterString>
              </gfc:definition>
            </gfc:FC_ListedValue>
          </gfc:listedValue>
          <gfc:listedValue>
            <gfc:FC_ListedValue>
              <gfc:label>
                <gco:CharacterString>position</gco:CharacterString>
              </gfc:label>
              <gfc:code>
                <gco:CharacterString>4-5</gco:CharacterString>
              </gfc:code>
              <gfc:definition>
                <gco:CharacterString>Region - blank for BC/YT release data</gco:CharacterString>
              </gfc:definition>
            </gfc:FC_ListedValue>
          </gfc:listedValue>
          <gfc:listedValue>
            <gfc:FC_ListedValue>
              <gfc:label>
                <gco:CharacterString>position</gco:CharacterString>
              </gfc:label>
              <gfc:code>
                <gco:CharacterString>6-9</gco:CharacterString>
              </gfc:code>
              <gfc:definition>
                <gco:CharacterString>Area – for BC/YT it matches Production Area</gco:CharacterString>
              </gfc:definition>
            </gfc:FC_ListedValue>
          </gfc:listedValue>
          <gfc:listedValue>
            <gfc:FC_ListedValue>
              <gfc:label>
                <gco:CharacterString>position</gco:CharacterString>
              </gfc:label>
              <gfc:code>
                <gco:CharacterString>10-16</gco:CharacterString>
              </gfc:code>
              <gfc:definition>
                <gco:CharacterString>Site – for BC/YT it is H, R or S followed by Site Code (Facility, Release, or Stock) left filled with 0’s</gco:CharacterString>
              </gfc:definition>
            </gfc:FC_ListedValue>
          </gfc:listedValue>
        </gfc:FC_FeatureAttribute>
      </gfc:carrierOfCharacteristics>
      <gfc:carrierOfCharacteristics>
        <gfc:FC_FeatureAttribute>
          <gfc:featureType />
          <gfc:memberName>
            <gco:LocalName>Fishery names and gear types</gco:LocalName>
          </gfc:memberName>
          <gfc:definition>
            <gco:CharacterString />
          </gfc:definition>
          <gfc:cardinality>
            <gco:Multiplicity>
              <gco:range>
                <gco:MultiplicityRange>
                  <gco:lower>
                    <gco:Integer>0</gco:Integer>
                  </gco:lower>
                  <gco:upper>
                    <gco:UnlimitedInteger isInfinite="true" xsi:nil="true" />
                  </gco:upper>
                </gco:MultiplicityRange>
              </gco:range>
            </gco:Multiplicity>
          </gfc:cardinality>
          <gfc:valueMeasurementUnit>
            <gml:UnitDefinition xmlns:gml="http://www.opengis.net/gml" gml:id="unknown">
              <gml:description />
              <gml:identifier codeSpace="unknown" />
            </gml:UnitDefinition>
          </gfc:valueMeasurementUnit>
          <gfc:valueType>
            <gco:TypeName>
              <gco:aName>
                <gco:CharacterString>CHARACTER</gco:CharacterString>
              </gco:aName>
            </gco:TypeName>
          </gfc:valueType>
          <gfc:listedValue>
            <gfc:FC_ListedValue>
              <gfc:label>
                <gco:CharacterString>Fraser Gill Net</gco:CharacterString>
              </gfc:label>
              <gfc:code>
                <gco:CharacterString>FGN</gco:CharacterString>
              </gfc:code>
              <gfc:definition>
                <gco:CharacterString />
              </gfc:definition>
            </gfc:FC_ListedValue>
          </gfc:listedValue>
          <gfc:listedValue>
            <gfc:FC_ListedValue>
              <gfc:label>
                <gco:CharacterString>Georgia Strait Troll</gco:CharacterString>
              </gfc:label>
              <gfc:code>
                <gco:CharacterString>GSTR</gco:CharacterString>
              </gfc:code>
              <gfc:definition>
                <gco:CharacterString />
              </gfc:definition>
            </gfc:FC_ListedValue>
          </gfc:listedValue>
          <gfc:listedValue>
            <gfc:FC_ListedValue>
              <gfc:label>
                <gco:CharacterString>Johnstone Strait Net</gco:CharacterString>
              </gfc:label>
              <gfc:code>
                <gco:CharacterString>JSN</gco:CharacterString>
              </gfc:code>
              <gfc:definition>
                <gco:CharacterString />
              </gfc:definition>
            </gfc:FC_ListedValue>
          </gfc:listedValue>
          <gfc:listedValue>
            <gfc:FC_ListedValue>
              <gfc:label>
                <gco:CharacterString>Northern Net</gco:CharacterString>
              </gfc:label>
              <gfc:code>
                <gco:CharacterString>NN</gco:CharacterString>
              </gfc:code>
              <gfc:definition>
                <gco:CharacterString />
              </gfc:definition>
            </gfc:FC_ListedValue>
          </gfc:listedValue>
          <gfc:listedValue>
            <gfc:FC_ListedValue>
              <gfc:label>
                <gco:CharacterString>etc</gco:CharacterString>
              </gfc:label>
              <gfc:code>
                <gco:CharacterString />
              </gfc:code>
              <gfc:definition>
                <gco:CharacterString />
              </gfc:definition>
            </gfc:FC_ListedValue>
          </gfc:listedValue>
        </gfc:FC_FeatureAttribute>
      </gfc:carrierOfCharacteristics>
      <gfc:carrierOfCharacteristics>
        <gfc:FC_FeatureAttribute>
          <gfc:featureType />
          <gfc:memberName>
            <gco:LocalName>Study Type</gco:LocalName>
          </gfc:memberName>
          <gfc:definition>
            <gco:CharacterString />
          </gfc:definition>
          <gfc:cardinality>
            <gco:Multiplicity>
              <gco:range>
                <gco:MultiplicityRange>
                  <gco:lower>
                    <gco:Integer>0</gco:Integer>
                  </gco:lower>
                  <gco:upper>
                    <gco:UnlimitedInteger isInfinite="true" xsi:nil="true" />
                  </gco:upper>
                </gco:MultiplicityRange>
              </gco:range>
            </gco:Multiplicity>
          </gfc:cardinality>
          <gfc:valueMeasurementUnit>
            <gml:UnitDefinition xmlns:gml="http://www.opengis.net/gml" gml:id="unknown">
              <gml:description />
              <gml:identifier codeSpace="unknown" />
            </gml:UnitDefinition>
          </gfc:valueMeasurementUnit>
          <gfc:valueType>
            <gco:TypeName>
              <gco:aName>
                <gco:CharacterString>CHARACTER</gco:CharacterString>
              </gco:aName>
            </gco:TypeName>
          </gfc:valueType>
          <gfc:listedValue>
            <gfc:FC_ListedValue>
              <gfc:label>
                <gco:CharacterString>Both experimental and production</gco:CharacterString>
              </gfc:label>
              <gfc:code>
                <gco:CharacterString>B</gco:CharacterString>
              </gfc:code>
            </gfc:FC_ListedValue>
          </gfc:listedValue>
          <gfc:listedValue>
            <gfc:FC_ListedValue>
              <gfc:label>
                <gco:CharacterString>Experimental</gco:CharacterString>
              </gfc:label>
              <gfc:code>
                <gco:CharacterString>E</gco:CharacterString>
              </gfc:code>
            </gfc:FC_ListedValue>
          </gfc:listedValue>
          <gfc:listedValue>
            <gfc:FC_ListedValue>
              <gfc:label>
                <gco:CharacterString>Other index streams</gco:CharacterString>
              </gfc:label>
              <gfc:code>
                <gco:CharacterString>I</gco:CharacterString>
              </gfc:code>
            </gfc:FC_ListedValue>
          </gfc:listedValue>
          <gfc:listedValue>
            <gfc:FC_ListedValue>
              <gfc:label>
                <gco:CharacterString>PSC Key indicator streams</gco:CharacterString>
              </gfc:label>
              <gfc:code>
                <gco:CharacterString>K</gco:CharacterString>
              </gfc:code>
            </gfc:FC_ListedValue>
          </gfc:listedValue>
          <gfc:listedValue>
            <gfc:FC_ListedValue>
              <gfc:label>
                <gco:CharacterString>Other</gco:CharacterString>
              </gfc:label>
              <gfc:code>
                <gco:CharacterString>O</gco:CharacterString>
              </gfc:code>
            </gfc:FC_ListedValue>
          </gfc:listedValue>
          <gfc:listedValue>
            <gfc:FC_ListedValue>
              <gfc:label>
                <gco:CharacterString>Production</gco:CharacterString>
              </gfc:label>
              <gfc:code>
                <gco:CharacterString>P</gco:CharacterString>
              </gfc:code>
            </gfc:FC_ListedValue>
          </gfc:listedValue>
        </gfc:FC_FeatureAttribute>
      </gfc:carrierOfCharacteristics>
      <gfc:carrierOfCharacteristics>
        <gfc:FC_FeatureAttribute>
          <gfc:featureType />
          <gfc:memberName>
            <gco:LocalName>Release Stage</gco:LocalName>
          </gfc:memberName>
          <gfc:definition>
            <gco:CharacterString />
          </gfc:definition>
          <gfc:cardinality>
            <gco:Multiplicity>
              <gco:range>
                <gco:MultiplicityRange>
                  <gco:lower>
                    <gco:Integer>0</gco:Integer>
                  </gco:lower>
                  <gco:upper>
                    <gco:UnlimitedInteger isInfinite="true" xsi:nil="true" />
                  </gco:upper>
                </gco:MultiplicityRange>
              </gco:range>
            </gco:Multiplicity>
          </gfc:cardinality>
          <gfc:valueMeasurementUnit>
            <gml:UnitDefinition xmlns:gml="http://www.opengis.net/gml" gml:id="unknown">
              <gml:description />
              <gml:identifier codeSpace="unknown" />
            </gml:UnitDefinition>
          </gfc:valueMeasurementUnit>
          <gfc:valueType>
            <gco:TypeName>
              <gco:aName>
                <gco:CharacterString>CHARACTER</gco:CharacterString>
              </gco:aName>
            </gco:TypeName>
          </gfc:valueType>
          <gfc:listedValue>
            <gfc:FC_ListedValue>
              <gfc:label>
                <gco:CharacterString>Adult</gco:CharacterString>
              </gfc:label>
              <gfc:code>
                <gco:CharacterString>A</gco:CharacterString>
              </gfc:code>
            </gfc:FC_ListedValue>
          </gfc:listedValue>
          <gfc:listedValue>
            <gfc:FC_ListedValue>
              <gfc:label>
                <gco:CharacterString>Emergent Fry</gco:CharacterString>
              </gfc:label>
              <gfc:code>
                <gco:CharacterString>E</gco:CharacterString>
              </gfc:code>
            </gfc:FC_ListedValue>
          </gfc:listedValue>
          <gfc:listedValue>
            <gfc:FC_ListedValue>
              <gfc:label>
                <gco:CharacterString>Fed Fry</gco:CharacterString>
              </gfc:label>
              <gfc:code>
                <gco:CharacterString>F</gco:CharacterString>
              </gfc:code>
            </gfc:FC_ListedValue>
          </gfc:listedValue>
          <gfc:listedValue>
            <gfc:FC_ListedValue>
              <gfc:label>
                <gco:CharacterString>Fingerling</gco:CharacterString>
              </gfc:label>
              <gfc:code>
                <gco:CharacterString>G</gco:CharacterString>
              </gfc:code>
            </gfc:FC_ListedValue>
          </gfc:listedValue>
          <gfc:listedValue>
            <gfc:FC_ListedValue>
              <gfc:label>
                <gco:CharacterString>Multiple release stages</gco:CharacterString>
              </gfc:label>
              <gfc:code>
                <gco:CharacterString>M</gco:CharacterString>
              </gfc:code>
            </gfc:FC_ListedValue>
          </gfc:listedValue>
          <gfc:listedValue>
            <gfc:FC_ListedValue>
              <gfc:label>
                <gco:CharacterString>Pre-smolt</gco:CharacterString>
              </gfc:label>
              <gfc:code>
                <gco:CharacterString>P</gco:CharacterString>
              </gfc:code>
            </gfc:FC_ListedValue>
          </gfc:listedValue>
          <gfc:listedValue>
            <gfc:FC_ListedValue>
              <gfc:label>
                <gco:CharacterString>Smolt</gco:CharacterString>
              </gfc:label>
              <gfc:code>
                <gco:CharacterString>S</gco:CharacterString>
              </gfc:code>
            </gfc:FC_ListedValue>
          </gfc:listedValue>
          <gfc:listedValue>
            <gfc:FC_ListedValue>
              <gfc:label>
                <gco:CharacterString>Advanced Fingerling</gco:CharacterString>
              </gfc:label>
              <gfc:code>
                <gco:CharacterString>V</gco:CharacterString>
              </gfc:code>
            </gfc:FC_ListedValue>
          </gfc:listedValue>
          <gfc:listedValue>
            <gfc:FC_ListedValue>
              <gfc:label>
                <gco:CharacterString>Yearling</gco:CharacterString>
              </gfc:label>
              <gfc:code>
                <gco:CharacterString>Y</gco:CharacterString>
              </gfc:code>
            </gfc:FC_ListedValue>
          </gfc:listedValue>
          <gfc:listedValue>
            <gfc:FC_ListedValue>
              <gfc:label>
                <gco:CharacterString>Zygote (eyed eggs)</gco:CharacterString>
              </gfc:label>
              <gfc:code>
                <gco:CharacterString>Z</gco:CharacterString>
              </gfc:code>
            </gfc:FC_ListedValue>
          </gfc:listedValue>
        </gfc:FC_FeatureAttribute>
      </gfc:carrierOfCharacteristics>
      <gfc:carrierOfCharacteristics>
        <gfc:FC_FeatureAttribute>
          <gfc:featureType />
          <gfc:memberName>
            <gco:LocalName>Rearing Type</gco:LocalName>
          </gfc:memberName>
          <gfc:definition>
            <gco:CharacterString />
          </gfc:definition>
          <gfc:cardinality>
            <gco:Multiplicity>
              <gco:range>
                <gco:MultiplicityRange>
                  <gco:lower>
                    <gco:Integer>0</gco:Integer>
                  </gco:lower>
                  <gco:upper>
                    <gco:UnlimitedInteger isInfinite="true" xsi:nil="true" />
                  </gco:upper>
                </gco:MultiplicityRange>
              </gco:range>
            </gco:Multiplicity>
          </gfc:cardinality>
          <gfc:valueMeasurementUnit>
            <gml:UnitDefinition xmlns:gml="http://www.opengis.net/gml" gml:id="unknown">
              <gml:description />
              <gml:identifier codeSpace="unknown" />
            </gml:UnitDefinition>
          </gfc:valueMeasurementUnit>
          <gfc:valueType>
            <gco:TypeName>
              <gco:aName>
                <gco:CharacterString>CHARACTER</gco:CharacterString>
              </gco:aName>
            </gco:TypeName>
          </gfc:valueType>
          <gfc:listedValue>
            <gfc:FC_ListedValue>
              <gfc:label>
                <gco:CharacterString>Hatchery reared fish</gco:CharacterString>
              </gfc:label>
              <gfc:code>
                <gco:CharacterString>H</gco:CharacterString>
              </gfc:code>
            </gfc:FC_ListedValue>
          </gfc:listedValue>
          <gfc:listedValue>
            <gfc:FC_ListedValue>
              <gfc:label>
                <gco:CharacterString>Mixed hatchery and wild</gco:CharacterString>
              </gfc:label>
              <gfc:code>
                <gco:CharacterString>M</gco:CharacterString>
              </gfc:code>
            </gfc:FC_ListedValue>
          </gfc:listedValue>
          <gfc:listedValue>
            <gfc:FC_ListedValue>
              <gfc:label>
                <gco:CharacterString>Unknown</gco:CharacterString>
              </gfc:label>
              <gfc:code>
                <gco:CharacterString>U</gco:CharacterString>
              </gfc:code>
            </gfc:FC_ListedValue>
          </gfc:listedValue>
          <gfc:listedValue>
            <gfc:FC_ListedValue>
              <gfc:label>
                <gco:CharacterString>Wild fish</gco:CharacterString>
              </gfc:label>
              <gfc:code>
                <gco:CharacterString>W</gco:CharacterString>
              </gfc:code>
            </gfc:FC_ListedValue>
          </gfc:listedValue>
        </gfc:FC_FeatureAttribute>
      </gfc:carrierOfCharacteristics>
      <gfc:carrierOfCharacteristics>
        <gfc:FC_FeatureAttribute>
          <gfc:featureType />
          <gfc:memberName>
            <gco:LocalName>Location Type</gco:LocalName>
          </gfc:memberName>
          <gfc:definition>
            <gco:CharacterString />
          </gfc:definition>
          <gfc:cardinality>
            <gco:Multiplicity>
              <gco:range>
                <gco:MultiplicityRange>
                  <gco:lower>
                    <gco:Integer>0</gco:Integer>
                  </gco:lower>
                  <gco:upper>
                    <gco:UnlimitedInteger isInfinite="true" xsi:nil="true" />
                  </gco:upper>
                </gco:MultiplicityRange>
              </gco:range>
            </gco:Multiplicity>
          </gfc:cardinality>
          <gfc:valueMeasurementUnit>
            <gml:UnitDefinition xmlns:gml="http://www.opengis.net/gml" gml:id="unknown">
              <gml:description />
              <gml:identifier codeSpace="unknown" />
            </gml:UnitDefinition>
          </gfc:valueMeasurementUnit>
          <gfc:valueType>
            <gco:TypeName>
              <gco:aName>
                <gco:CharacterString>CHARACTER</gco:CharacterString>
              </gco:aName>
            </gco:TypeName>
          </gfc:valueType>
          <gfc:listedValue>
            <gfc:FC_ListedValue>
              <gfc:label>
                <gco:CharacterString>Recovery</gco:CharacterString>
              </gfc:label>
              <gfc:code>
                <gco:CharacterString>1</gco:CharacterString>
              </gfc:code>
            </gfc:FC_ListedValue>
          </gfc:listedValue>
          <gfc:listedValue>
            <gfc:FC_ListedValue>
              <gfc:label>
                <gco:CharacterString>Catch</gco:CharacterString>
              </gfc:label>
              <gfc:code>
                <gco:CharacterString>2</gco:CharacterString>
              </gfc:code>
            </gfc:FC_ListedValue>
          </gfc:listedValue>
          <gfc:listedValue>
            <gfc:FC_ListedValue>
              <gfc:label>
                <gco:CharacterString>Hatchery</gco:CharacterString>
              </gfc:label>
              <gfc:code>
                <gco:CharacterString>3</gco:CharacterString>
              </gfc:code>
            </gfc:FC_ListedValue>
          </gfc:listedValue>
          <gfc:listedValue>
            <gfc:FC_ListedValue>
              <gfc:label>
                <gco:CharacterString>Release</gco:CharacterString>
              </gfc:label>
              <gfc:code>
                <gco:CharacterString>4</gco:CharacterString>
              </gfc:code>
            </gfc:FC_ListedValue>
          </gfc:listedValue>
          <gfc:listedValue>
            <gfc:FC_ListedValue>
              <gfc:label>
                <gco:CharacterString>Stock</gco:CharacterString>
              </gfc:label>
              <gfc:code>
                <gco:CharacterString>5</gco:CharacterString>
              </gfc:code>
            </gfc:FC_ListedValue>
          </gfc:listedValue>
        </gfc:FC_FeatureAttribute>
      </gfc:carrierOfCharacteristics>
      <gfc:carrierOfCharacteristics>
        <gfc:FC_FeatureAttribute>
          <gfc:featureType />
          <gfc:memberName>
            <gco:LocalName>Location Name Code</gco:LocalName>
          </gfc:memberName>
          <gfc:definition>
            <gco:CharacterString />
          </gfc:definition>
          <gfc:cardinality>
            <gco:Multiplicity>
              <gco:range>
                <gco:MultiplicityRange>
                  <gco:lower>
                    <gco:Integer>0</gco:Integer>
                  </gco:lower>
                  <gco:upper>
                    <gco:UnlimitedInteger isInfinite="true" xsi:nil="true" />
                  </gco:upper>
                </gco:MultiplicityRange>
              </gco:range>
            </gco:Multiplicity>
          </gfc:cardinality>
          <gfc:valueMeasurementUnit>
            <gml:UnitDefinition xmlns:gml="http://www.opengis.net/gml" gml:id="unknown">
              <gml:description />
              <gml:identifier codeSpace="unknown" />
            </gml:UnitDefinition>
          </gfc:valueMeasurementUnit>
          <gfc:valueType>
            <gco:TypeName>
              <gco:aName>
                <gco:CharacterString>CHARACTER</gco:CharacterString>
              </gco:aName>
            </gco:TypeName>
          </gfc:valueType>
          <gfc:listedValue>
            <gfc:FC_ListedValue>
              <gfc:label>
                <gco:CharacterString>Alaska</gco:CharacterString>
              </gfc:label>
              <gfc:code>
                <gco:CharacterString>AK</gco:CharacterString>
              </gfc:code>
              <gfc:definition>
                <gco:CharacterString>Region 5 https://www.rmis.org/files/rmis_maps/RMIS_Atlas_Domain_AK.pdf</gco:CharacterString>
              </gfc:definition>
            </gfc:FC_ListedValue>
          </gfc:listedValue>
          <gfc:listedValue>
            <gfc:FC_ListedValue>
              <gfc:label>
                <gco:CharacterString>British Columbia</gco:CharacterString>
              </gfc:label>
              <gfc:code>
                <gco:CharacterString>BC</gco:CharacterString>
              </gfc:code>
              <gfc:definition>
                <gco:CharacterString>Region 9 https://www.rmis.org/files/rmis_maps/RMIS_Atlas_Domain_BC.pdf</gco:CharacterString>
              </gfc:definition>
            </gfc:FC_ListedValue>
          </gfc:listedValue>
          <gfc:listedValue>
            <gfc:FC_ListedValue>
              <gfc:label>
                <gco:CharacterString>California</gco:CharacterString>
              </gfc:label>
              <gfc:code>
                <gco:CharacterString>CA</gco:CharacterString>
              </gfc:code>
              <gfc:definition>
                <gco:CharacterString>Region 7 https://www.rmis.org/files/rmis_maps/RMIS_Atlas_Domain_CA.pdf</gco:CharacterString>
              </gfc:definition>
            </gfc:FC_ListedValue>
          </gfc:listedValue>
          <gfc:listedValue>
            <gfc:FC_ListedValue>
              <gfc:label>
                <gco:CharacterString>Columbia River</gco:CharacterString>
              </gfc:label>
              <gfc:code>
                <gco:CharacterString>CR</gco:CharacterString>
              </gfc:code>
              <gfc:definition>
                <gco:CharacterString>Region 5 https://www.rmis.org/files/rmis_maps/RMIS_Atlas_Domain_CR.pdf</gco:CharacterString>
              </gfc:definition>
            </gfc:FC_ListedValue>
          </gfc:listedValue>
          <gfc:listedValue>
            <gfc:FC_ListedValue>
              <gfc:label>
                <gco:CharacterString>Other International</gco:CharacterString>
              </gfc:label>
              <gfc:code>
                <gco:CharacterString>OI</gco:CharacterString>
              </gfc:code>
              <gfc:definition>
                <gco:CharacterString>Region 3</gco:CharacterString>
              </gfc:definition>
            </gfc:FC_ListedValue>
          </gfc:listedValue>
          <gfc:listedValue>
            <gfc:FC_ListedValue>
              <gfc:label>
                <gco:CharacterString>Oregon</gco:CharacterString>
              </gfc:label>
              <gfc:code>
                <gco:CharacterString>OR</gco:CharacterString>
              </gfc:code>
              <gfc:definition>
                <gco:CharacterString>Region 3 https://www.rmis.org/files/rmis_maps/RMIS_Atlas_Domain_OR.pdf</gco:CharacterString>
              </gfc:definition>
            </gfc:FC_ListedValue>
          </gfc:listedValue>
          <gfc:listedValue>
            <gfc:FC_ListedValue>
              <gfc:label>
                <gco:CharacterString>Transboundary Rivers</gco:CharacterString>
              </gfc:label>
              <gfc:code>
                <gco:CharacterString>TR</gco:CharacterString>
              </gfc:code>
              <gfc:definition>
                <gco:CharacterString>Region 5 https://www.rmis.org/files/rmis_maps/RMIS_Atlas_Domain_TR.pdf</gco:CharacterString>
              </gfc:definition>
              <gfc:definitionReference />
            </gfc:FC_ListedValue>
          </gfc:listedValue>
          <gfc:listedValue>
            <gfc:FC_ListedValue>
              <gfc:label>
                <gco:CharacterString>Washington</gco:CharacterString>
              </gfc:label>
              <gfc:code>
                <gco:CharacterString>WA</gco:CharacterString>
              </gfc:code>
              <gfc:definition>
                <gco:CharacterString>Region 11 https://www.rmis.org/files/rmis_maps/RMIS_Atlas_Domain_WA.pdf</gco:CharacterString>
              </gfc:definition>
            </gfc:FC_ListedValue>
          </gfc:listedValue>
          <gfc:listedValue>
            <gfc:FC_ListedValue>
              <gfc:label>
                <gco:CharacterString>Yukon River</gco:CharacterString>
              </gfc:label>
              <gfc:code>
                <gco:CharacterString>YR</gco:CharacterString>
              </gfc:code>
              <gfc:definition>
                <gco:CharacterString>Region 3 https://www.rmis.org/files/rmis_maps/RMIS_Atlas_Domain_YR.pdf</gco:CharacterString>
              </gfc:definition>
            </gfc:FC_ListedValue>
          </gfc:listedValue>
        </gfc:FC_FeatureAttribute>
      </gfc:carrierOfCharacteristics>
      <gfc:carrierOfCharacteristics>
        <gfc:FC_FeatureAttribute>
          <gfc:featureType />
          <gfc:memberName>
            <gco:LocalName>Administrative Area</gco:LocalName>
          </gfc:memberName>
          <gfc:definition>
            <gco:CharacterString>state or province</gco:CharacterString>
          </gfc:definition>
          <gfc:cardinality>
            <gco:Multiplicity>
              <gco:range>
                <gco:MultiplicityRange>
                  <gco:lower>
                    <gco:Integer>0</gco:Integer>
                  </gco:lower>
                  <gco:upper>
                    <gco:UnlimitedInteger isInfinite="true" xsi:nil="true" />
                  </gco:upper>
                </gco:MultiplicityRange>
              </gco:range>
            </gco:Multiplicity>
          </gfc:cardinality>
          <gfc:valueMeasurementUnit>
            <gml:UnitDefinition xmlns:gml="http://www.opengis.net/gml" gml:id="unknown">
              <gml:description />
              <gml:identifier codeSpace="unknown" />
            </gml:UnitDefinition>
          </gfc:valueMeasurementUnit>
          <gfc:valueType>
            <gco:TypeName>
              <gco:aName>
                <gco:CharacterString>CHARACTER</gco:CharacterString>
              </gco:aName>
            </gco:TypeName>
          </gfc:valueType>
          <gfc:listedValue>
            <gfc:FC_ListedValue>
              <gfc:label>
                <gco:CharacterString>Alaska</gco:CharacterString>
              </gfc:label>
              <gfc:code>
                <gco:CharacterString>AK</gco:CharacterString>
              </gfc:code>
            </gfc:FC_ListedValue>
          </gfc:listedValue>
          <gfc:listedValue>
            <gfc:FC_ListedValue>
              <gfc:label>
                <gco:CharacterString>British Columbia</gco:CharacterString>
              </gfc:label>
              <gfc:code>
                <gco:CharacterString>BC</gco:CharacterString>
              </gfc:code>
            </gfc:FC_ListedValue>
          </gfc:listedValue>
          <gfc:listedValue>
            <gfc:FC_ListedValue>
              <gfc:label>
                <gco:CharacterString>California</gco:CharacterString>
              </gfc:label>
              <gfc:code>
                <gco:CharacterString>CA</gco:CharacterString>
              </gfc:code>
            </gfc:FC_ListedValue>
          </gfc:listedValue>
          <gfc:listedValue>
            <gfc:FC_ListedValue>
              <gfc:label>
                <gco:CharacterString>Colorado</gco:CharacterString>
              </gfc:label>
              <gfc:code>
                <gco:CharacterString>CO</gco:CharacterString>
              </gfc:code>
            </gfc:FC_ListedValue>
          </gfc:listedValue>
          <gfc:listedValue>
            <gfc:FC_ListedValue>
              <gfc:label>
                <gco:CharacterString>Foreign</gco:CharacterString>
              </gfc:label>
              <gfc:code>
                <gco:CharacterString>FO</gco:CharacterString>
              </gfc:code>
            </gfc:FC_ListedValue>
          </gfc:listedValue>
          <gfc:listedValue>
            <gfc:FC_ListedValue>
              <gfc:label>
                <gco:CharacterString>High Seas</gco:CharacterString>
              </gfc:label>
              <gfc:code>
                <gco:CharacterString>HS</gco:CharacterString>
              </gfc:code>
            </gfc:FC_ListedValue>
          </gfc:listedValue>
          <gfc:listedValue>
            <gfc:FC_ListedValue>
              <gfc:label>
                <gco:CharacterString>Idaho</gco:CharacterString>
              </gfc:label>
              <gfc:code>
                <gco:CharacterString>ID</gco:CharacterString>
              </gfc:code>
            </gfc:FC_ListedValue>
          </gfc:listedValue>
          <gfc:listedValue>
            <gfc:FC_ListedValue>
              <gfc:label>
                <gco:CharacterString>Missouri</gco:CharacterString>
              </gfc:label>
              <gfc:code>
                <gco:CharacterString>MI</gco:CharacterString>
              </gfc:code>
            </gfc:FC_ListedValue>
          </gfc:listedValue>
          <gfc:listedValue>
            <gfc:FC_ListedValue>
              <gfc:label>
                <gco:CharacterString>Minnesota</gco:CharacterString>
              </gfc:label>
              <gfc:code>
                <gco:CharacterString>MN</gco:CharacterString>
              </gfc:code>
            </gfc:FC_ListedValue>
          </gfc:listedValue>
          <gfc:listedValue>
            <gfc:FC_ListedValue>
              <gfc:label>
                <gco:CharacterString>Montana</gco:CharacterString>
              </gfc:label>
              <gfc:code>
                <gco:CharacterString>MT</gco:CharacterString>
              </gfc:code>
            </gfc:FC_ListedValue>
          </gfc:listedValue>
          <gfc:listedValue>
            <gfc:FC_ListedValue>
              <gfc:label>
                <gco:CharacterString>North Dakota</gco:CharacterString>
              </gfc:label>
              <gfc:code>
                <gco:CharacterString>ND</gco:CharacterString>
              </gfc:code>
            </gfc:FC_ListedValue>
          </gfc:listedValue>
          <gfc:listedValue>
            <gfc:FC_ListedValue>
              <gfc:label>
                <gco:CharacterString>Nebraska</gco:CharacterString>
              </gfc:label>
              <gfc:code>
                <gco:CharacterString>NE</gco:CharacterString>
              </gfc:code>
            </gfc:FC_ListedValue>
          </gfc:listedValue>
          <gfc:listedValue>
            <gfc:FC_ListedValue>
              <gfc:label>
                <gco:CharacterString>Oregon</gco:CharacterString>
              </gfc:label>
              <gfc:code>
                <gco:CharacterString>OR</gco:CharacterString>
              </gfc:code>
            </gfc:FC_ListedValue>
          </gfc:listedValue>
          <gfc:listedValue>
            <gfc:FC_ListedValue>
              <gfc:label>
                <gco:CharacterString>Washington</gco:CharacterString>
              </gfc:label>
              <gfc:code>
                <gco:CharacterString>WA</gco:CharacterString>
              </gfc:code>
            </gfc:FC_ListedValue>
          </gfc:listedValue>
          <gfc:listedValue>
            <gfc:FC_ListedValue>
              <gfc:label>
                <gco:CharacterString>Wisconsin</gco:CharacterString>
              </gfc:label>
              <gfc:code>
                <gco:CharacterString>WI</gco:CharacterString>
              </gfc:code>
            </gfc:FC_ListedValue>
          </gfc:listedValue>
          <gfc:listedValue>
            <gfc:FC_ListedValue>
              <gfc:label>
                <gco:CharacterString>Wyoming</gco:CharacterString>
              </gfc:label>
              <gfc:code>
                <gco:CharacterString>WY</gco:CharacterString>
              </gfc:code>
            </gfc:FC_ListedValue>
          </gfc:listedValue>
        </gfc:FC_FeatureAttribute>
      </gfc:carrierOfCharacteristics>
      <gfc:carrierOfCharacteristics>
        <gfc:FC_FeatureAttribute>
          <gfc:featureType />
          <gfc:memberName>
            <gco:LocalName>Reporting Agency</gco:LocalName>
          </gfc:memberName>
          <gfc:definition>
            <gco:CharacterString />
          </gfc:definition>
          <gfc:cardinality>
            <gco:Multiplicity>
              <gco:range>
                <gco:MultiplicityRange>
                  <gco:lower>
                    <gco:Integer>0</gco:Integer>
                  </gco:lower>
                  <gco:upper>
                    <gco:UnlimitedInteger isInfinite="true" xsi:nil="true" />
                  </gco:upper>
                </gco:MultiplicityRange>
              </gco:range>
            </gco:Multiplicity>
          </gfc:cardinality>
          <gfc:valueMeasurementUnit>
            <gml:UnitDefinition xmlns:gml="http://www.opengis.net/gml" gml:id="unknown">
              <gml:description />
              <gml:identifier codeSpace="unknown" />
            </gml:UnitDefinition>
          </gfc:valueMeasurementUnit>
          <gfc:valueType>
            <gco:TypeName>
              <gco:aName>
                <gco:CharacterString>CHARACTER</gco:CharacterString>
              </gco:aName>
            </gco:TypeName>
          </gfc:valueType>
          <gfc:listedValue>
            <gfc:FC_ListedValue>
              <gfc:label>
                <gco:CharacterString>Alaska Department of Fish and Game</gco:CharacterString>
              </gfc:label>
              <gfc:code>
                <gco:CharacterString>ADFG</gco:CharacterString>
              </gfc:code>
            </gfc:FC_ListedValue>
          </gfc:listedValue>
          <gfc:listedValue>
            <gfc:FC_ListedValue>
              <gfc:label>
                <gco:CharacterString>Colville Confederated Tribes (WA)</gco:CharacterString>
              </gfc:label>
              <gfc:code>
                <gco:CharacterString>CCT</gco:CharacterString>
              </gfc:code>
            </gfc:FC_ListedValue>
          </gfc:listedValue>
          <gfc:listedValue>
            <gfc:FC_ListedValue>
              <gfc:label>
                <gco:CharacterString>Fisheries and Oceans Canada</gco:CharacterString>
              </gfc:label>
              <gfc:code>
                <gco:CharacterString>CDFO</gco:CharacterString>
              </gfc:code>
            </gfc:FC_ListedValue>
          </gfc:listedValue>
          <gfc:listedValue>
            <gfc:FC_ListedValue>
              <gfc:label>
                <gco:CharacterString>California Department of Fish and Wildlife</gco:CharacterString>
              </gfc:label>
              <gfc:code>
                <gco:CharacterString>CDFW</gco:CharacterString>
              </gfc:code>
            </gfc:FC_ListedValue>
          </gfc:listedValue>
          <gfc:listedValue>
            <gfc:FC_ListedValue>
              <gfc:label>
                <gco:CharacterString>California Dept. Fish, Wildlife; Klamath/Trinity</gco:CharacterString>
              </gfc:label>
              <gfc:code>
                <gco:CharacterString>CDFWKT</gco:CharacterString>
              </gfc:code>
            </gfc:FC_ListedValue>
          </gfc:listedValue>
          <gfc:listedValue>
            <gfc:FC_ListedValue>
              <gfc:label>
                <gco:CharacterString>Columbia River Inter-Tribal Fish Commission</gco:CharacterString>
              </gfc:label>
              <gfc:code>
                <gco:CharacterString>CRITFC</gco:CharacterString>
              </gfc:code>
            </gfc:FC_ListedValue>
          </gfc:listedValue>
          <gfc:listedValue>
            <gfc:FC_ListedValue>
              <gfc:label>
                <gco:CharacterString>Idaho Department of Fish and Game</gco:CharacterString>
              </gfc:label>
              <gfc:code>
                <gco:CharacterString>IDFG</gco:CharacterString>
              </gfc:code>
            </gfc:FC_ListedValue>
          </gfc:listedValue>
          <gfc:listedValue>
            <gfc:FC_ListedValue>
              <gfc:label>
                <gco:CharacterString>National Marine Fisheries Service (AK)</gco:CharacterString>
              </gfc:label>
              <gfc:code>
                <gco:CharacterString>NMFS</gco:CharacterString>
              </gfc:code>
            </gfc:FC_ListedValue>
          </gfc:listedValue>
          <gfc:listedValue>
            <gfc:FC_ListedValue>
              <gfc:label>
                <gco:CharacterString>National Marine Fisheries Serv. NW Region (OR, WA)</gco:CharacterString>
              </gfc:label>
              <gfc:code>
                <gco:CharacterString>NMFSNWR</gco:CharacterString>
              </gfc:code>
            </gfc:FC_ListedValue>
          </gfc:listedValue>
          <gfc:listedValue>
            <gfc:FC_ListedValue>
              <gfc:label>
                <gco:CharacterString>Nez Perce Tribe (ID)</gco:CharacterString>
              </gfc:label>
              <gfc:code>
                <gco:CharacterString>NPT</gco:CharacterString>
              </gfc:code>
            </gfc:FC_ListedValue>
          </gfc:listedValue>
          <gfc:listedValue>
            <gfc:FC_ListedValue>
              <gfc:label>
                <gco:CharacterString>Northwest Indian Fisheries Commission</gco:CharacterString>
              </gfc:label>
              <gfc:code>
                <gco:CharacterString>NWIFC</gco:CharacterString>
              </gfc:code>
            </gfc:FC_ListedValue>
          </gfc:listedValue>
          <gfc:listedValue>
            <gfc:FC_ListedValue>
              <gfc:label>
                <gco:CharacterString>Oregon Department of Fish and Wildlife</gco:CharacterString>
              </gfc:label>
              <gfc:code>
                <gco:CharacterString>ODFW</gco:CharacterString>
              </gfc:code>
            </gfc:FC_ListedValue>
          </gfc:listedValue>
          <gfc:listedValue>
            <gfc:FC_ListedValue>
              <gfc:label>
                <gco:CharacterString>Quinault Division of Natural Resources (WA)</gco:CharacterString>
              </gfc:label>
              <gfc:code>
                <gco:CharacterString>QDNR</gco:CharacterString>
              </gfc:code>
            </gfc:FC_ListedValue>
          </gfc:listedValue>
          <gfc:listedValue>
            <gfc:FC_ListedValue>
              <gfc:label>
                <gco:CharacterString>Quileute Nation (WA)</gco:CharacterString>
              </gfc:label>
              <gfc:code>
                <gco:CharacterString>QUIL</gco:CharacterString>
              </gfc:code>
            </gfc:FC_ListedValue>
          </gfc:listedValue>
          <gfc:listedValue>
            <gfc:FC_ListedValue>
              <gfc:label>
                <gco:CharacterString>Regional Mark Processing Center</gco:CharacterString>
              </gfc:label>
              <gfc:code>
                <gco:CharacterString>RMPC</gco:CharacterString>
              </gfc:code>
            </gfc:FC_ListedValue>
          </gfc:listedValue>
          <gfc:listedValue>
            <gfc:FC_ListedValue>
              <gfc:label>
                <gco:CharacterString>Stillaguamish Tribe of Indians (WA)</gco:CharacterString>
              </gfc:label>
              <gfc:code>
                <gco:CharacterString>STIL</gco:CharacterString>
              </gfc:code>
            </gfc:FC_ListedValue>
          </gfc:listedValue>
          <gfc:listedValue>
            <gfc:FC_ListedValue>
              <gfc:label>
                <gco:CharacterString>U.S. Fish and Wildlife Service</gco:CharacterString>
              </gfc:label>
              <gfc:code>
                <gco:CharacterString>USFWS</gco:CharacterString>
              </gfc:code>
            </gfc:FC_ListedValue>
          </gfc:listedValue>
          <gfc:listedValue>
            <gfc:FC_ListedValue>
              <gfc:label>
                <gco:CharacterString>Washington Department of Fish and Wildlife</gco:CharacterString>
              </gfc:label>
              <gfc:code>
                <gco:CharacterString>WDFW</gco:CharacterString>
              </gfc:code>
            </gfc:FC_ListedValue>
          </gfc:listedValue>
          <gfc:listedValue>
            <gfc:FC_ListedValue>
              <gfc:label>
                <gco:CharacterString>Yakama Nation (WA)</gco:CharacterString>
              </gfc:label>
              <gfc:code>
                <gco:CharacterString>YAKA</gco:CharacterString>
              </gfc:code>
            </gfc:FC_ListedValue>
          </gfc:listedValue>
          <gfc:listedValue>
            <gfc:FC_ListedValue>
              <gfc:label>
                <gco:CharacterString>Yurok Tribe Fisheries Program (CA)</gco:CharacterString>
              </gfc:label>
              <gfc:code>
                <gco:CharacterString>YTFP</gco:CharacterString>
              </gfc:code>
            </gfc:FC_ListedValue>
          </gfc:listedValue>
        </gfc:FC_FeatureAttribute>
      </gfc:carrierOfCharacteristics>
      <gfc:carrierOfCharacteristics>
        <gfc:FC_FeatureAttribute>
          <gfc:featureType />
          <gfc:memberName>
            <gco:LocalName>Identifier</gco:LocalName>
          </gfc:memberName>
          <gfc:definition>
            <gco:CharacterString>Unique identifier</gco:CharacterString>
          </gfc:definition>
          <gfc:cardinality>
            <gco:Multiplicity>
              <gco:range>
                <gco:MultiplicityRange>
                  <gco:lower>
                    <gco:Integer>1</gco:Integer>
                  </gco:lower>
                  <gco:upper>
                    <gco:UnlimitedInteger xsi:nil="true" isInfinite="true" />
                  </gco:upper>
                </gco:MultiplicityRange>
              </gco:range>
            </gco:Multiplicity>
          </gfc:cardinality>
          <gfc:valueType>
            <gco:TypeName>
              <gco:aName>
                <gco:CharacterString>INTEGER</gco:CharacterString>
              </gco:aName>
            </gco:TypeName>
          </gfc:valueType>
        </gfc:FC_FeatureAttribute>
      </gfc:carrierOfCharacteristics>
      <gfc:carrierOfCharacteristics>
        <gfc:FC_FeatureAttribute>
          <gfc:memberName>
            <gco:LocalName>Name</gco:LocalName>
          </gfc:memberName>
          <gfc:definition>
            <gco:CharacterString>Name of the feature</gco:CharacterString>
          </gfc:definition>
          <gfc:cardinality>
            <gco:Multiplicity>
              <gco:range>
                <gco:MultiplicityRange>
                  <gco:lower>
                    <gco:Integer>0</gco:Integer>
                  </gco:lower>
                  <gco:upper>
                    <gco:UnlimitedInteger isInfinite="true" xsi:nil="true" />
                  </gco:upper>
                </gco:MultiplicityRange>
              </gco:range>
            </gco:Multiplicity>
          </gfc:cardinality>
          <gfc:valueType>
            <gco:TypeName>
              <gco:aName>
                <gco:CharacterString>CHARACTER</gco:CharacterString>
              </gco:aName>
            </gco:TypeName>
          </gfc:valueType>
        </gfc:FC_FeatureAttribute>
      </gfc:carrierOfCharacteristics>
    </gfc:FC_FeatureType>
  </gfc:featureType>
</gfc:FC_FeatureCatalogue>